date,zeniba,haregamine,seikaen,kagamiko,kanazawa,osawa,shiyakusho,tamagawahoikuen,izuminohoikuen,hakubutsukan,kohigashihoikuen,yonezawahoikuen,kashiwabarakominkan,kirigamine,shirakabako,kitayatsugatake,okutateshina,minoto,haramura,toyokanko,tokyu,alpico,village,mitsuinomori,kajima,d00010150ee,d0001003b30,d0001003cd5,d0001014057,d0001014058,d0001014149,d00010142a8,d00010150ff,d0001015154,d0001015161,d000101516f,d000101518a,d0001015192,d00010151cf,d00010151f4,d0001015220,d0001015272,d00010152a0,d00010152c3,d000101530c,d0001014224
2020-09-29 12:50:00,-0.28,0,0,0,0,0,0,0,0,0,0,0,0,0,0,0,0,0,0,0,0,0,0,0,0,7.9,1.6,32.9,33.7,31.9,20.8,12.7,160.9,0,13.8,4.3,34.2,45.2,41,24,12.6,0,3.3,21,9.6,19.3
2020-09-29 13:00:00,-0.28,0,0,0,0,0,0,0,0,0,0,0,0,0,0,0,0,0,0,0,0,0,0,0,0,7.9,1.6,32.9,33.7,31.9,20.8,12.7,160.9,0,13.9,4.3,34.2,45.2,41,24,12.6,0,3.3,21,9.6,19.3
2020-09-29 13:10:00,-0.28,0,0,0,0,0,0,0,0,0,0,0,0,0,0,0,0,0,0,0,0,0,0,0,0,7.9,1.6,32.9,33.7,31.9,20.8,12.6,160.8,0,14,3.5,34.2,45.2,41,24,12.6,0,3.3,21,9.6,19.3
2020-09-29 13:20:00,-0.28,0,0,0,0,0,0,0,0,0,0,0,0,0,0,0,0,0,0,0,0,0,0,0,0,7.9,1.7,32.9,33.7,31.9,20.8,12.6,160.8,0.2,14,3.5,34.2,45.2,41,24,12.6,0,3.3,21,9.6,19.3
2020-09-29 13:30:00,-0.28,0,0,0,0,0,0,0,0,0,0,0,0,0,0,0,0,0,0,0,0,0,0,0,0,7.9,1.7,32.9,33.7,31.9,20.8,12.6,160.8,0.2,13.8,3.5,34.2,45.2,41,24,12.6,0.1,3.2,21,9.6,19.3
2020-09-29 13:40:00,-0.28,0,0,0,0,0,0,0,0,0,0,0,0,0,0,0,0,0,0,0,0,0,0,0,0,7.9,1.7,32.4,33.7,31.9,20.8,12.7,160.8,0.2,13.8,1,34.2,45.2,41,24,12.6,0.1,3.2,21,9.6,19.3
2020-09-29 13:50:00,-0.28,0,0,0,0,0,0,0,0,0,0,0,0,0,0,0,0,0,0,0,0,0,0,0,0,7.9,1.7,32.4,33.7,31.9,20.8,12.7,160.8,0,13.8,1,34.2,45.2,41,24,12.6,0.1,3.2,21,9.6,19.3
2020-09-29 14:00:00,-0.28,0,0,0,0,0,0,0,0,0,0,0,0,0,0,0,0,0,0,0,0,0,0,0,0,7.9,1.7,32.4,33.7,31.9,20.8,12.7,160.8,0,13.8,1,34.2,45.2,41,24,12.6,0.1,3.2,21,9.6,19.3
2020-09-29 14:10:00,-0.28,0,0,0,0,0,0,0,0,0,0,0,0,0,0,0,0,0,0,0,0,0,0,0,0,7.9,1.7,32.4,33.7,31.9,20.8,12.8,160.8,0,13.8,4.1,34.2,45.2,41,24,12.6,0.1,3.2,21,9.6,19.3
2020-09-29 14:20:00,-0.28,0,0,0,0,0,0,0,0,0,0,0,0,0,0,0,0,0,0,0,0,0,0,0,0,7.9,1.7,32.4,33.7,31.9,20.8,12.8,160.8,0,13.8,4.1,34.2,45.2,41,24,12.6,0.1,3.2,21,9.6,19.3
2020-09-29 14:30:00,-0.28,0,0,0,0,0,0,0,0,0,0,0,0,0,0,0,0,0,0,0,0,0,0,0,0,7.9,1.7,32.4,33.7,31.9,20.8,12.8,160.8,0,13.8,4.1,34.2,45.2,41,24,12.6,0.1,3.2,21,9.6,19.3
2020-09-29 14:40:00,-0.28,0,0,0,0,0,0,0,0,0,0,0,0,0,0,0,0,0,0,0,0,0,0,0,0,7.9,1.7,32.3,33.7,31.9,21.2,13.1,160.8,0,13.7,4.2,34.3,45.2,41,24,12.6,-0.1,3.3,21.2,9.6,19.3
2020-09-29 14:50:00,-0.28,0,0,0,0,0,0,0,0,0,0,0,0,0,0,0,0,0,0,0,0,0,0,0,0,7.9,1.7,32.3,33.7,31.9,21.2,13.1,160.8,0,13.7,4.2,34.3,45.2,41,24,12.6,-0.1,3.3,21.2,9.6,19.3
2020-09-29 15:00:00,-0.28,0,0,0,0,0,0,0,0,0,0,0,0,0,0,0,0,0,0,0,0,0,0,0,0,7.9,1.7,32.3,33.7,31.9,21.2,13.1,160.8,0,13.7,4.2,34.3,45.2,41,24,12.6,-0.1,3.3,21.2,9.6,19.3
2020-09-29 15:10:00,-0.28,0,0,0,0,0,0,0,0,0,0,0,0,0,0,0,0,0,0,0,0,0,0,0,0,7.9,1.7,32.3,33.7,31.9,21.2,13.1,160.8,0,13.7,4.2,34.3,45.2,41,24,12.6,-0.1,3.3,21.2,9.6,19.3
2020-09-29 15:20:00,-0.28,0,0,0,0,0,0,0,0,0,0,0,0,0,0,0,0,0,0,0,0,0,0,0,0,7.9,1.7,32.3,33.7,31.9,21.2,13.1,160.8,0,13.7,4.2,34.3,45.2,41,24,12.6,-0.1,3.3,21.2,9.6,19.3
2020-09-29 15:30:00,-0.28,0,0,0,0,0,0,0,0,0,0,0,0,0,0,0,0,0,0,0,0,0,0,0,0,7.9,1.7,32.3,33.7,31.9,21.2,12.9,160.8,0,13.8,4.2,34.2,45.2,41,24,12.6,-0.1,3.3,21.1,9.6,19.3
2020-09-29 15:40:00,-0.28,0,0,0,0,0,0,0,0,0,0,0,0,0,0,0,0,0,0,0,0,0,0,0,0,7.9,1.7,32.3,33.7,31.9,21.2,12.9,160.8,0,13.8,4.4,34.2,45.2,41,24,12.6,-0.1,3.3,21.1,9.6,19.3
2020-09-29 15:50:00,-0.28,0,0,0,0,0,0,0,0,0,0,0,0,0,0,0,0,0,0,0,0,0,0,0,0,7.9,1.7,32.3,33.7,31.9,21.2,12.9,160.8,0,13.8,4.4,34.2,45.2,41,24,12.6,-0.1,3.3,21.1,9.6,19.3
2020-09-29 16:00:00,-0.28,0,0,0,0,0,0,0,0,0,0,0,0,0,0,0,0,0,0,0,0,0,0,0,0,7.9,1.7,32.3,33.7,31.9,21.2,12.9,160.8,0,13.8,4.4,34.2,45.2,41,23.8,12.6,-0.1,3.3,21.1,9.6,19.3
2020-09-29 16:10:00,-0.28,0,0,0,0,0,0,0,0,0,0,0,0,0,0,0,0,0,0,0,0,0,0,0,0,7.9,1.7,32.3,33.7,31.9,21.2,12.9,160.8,0,13.8,1.4,34.2,45.2,41,23.8,12.6,-0.1,3.3,21.1,9.6,19.3
2020-09-29 16:20:00,-0.28,0,0,0,0,0,0,0,0,0,0,0,0,0,0,0,0,0,0,0,0,0,0,0,0,7.9,1.7,32.3,33.7,31.9,21.2,12.9,160.8,0,13.8,1.4,34.2,45.2,41,23.8,12.6,-0.1,3.3,21.1,9.6,19.3
2020-09-29 16:30:00,-0.28,0,0,0,0,0,0,0,0,0,0,0,0,0,0,0,0,0,0,0,0,0,0,0,0,7.9,1.7,32.3,33.7,31.9,21.2,12.9,160.8,0.2,13.9,1.4,34.2,45.2,41,23.8,12.6,-0.1,3.3,21.1,9.6,19.3
2020-09-29 16:40:00,-0.28,0,0,0,0,0,0,0,0,0,0,0,0,0,0,0,0,0,0,0,0,0,0,0,0,7.9,1.7,32.3,33.7,31.9,21.2,12.9,160.8,0.2,13.9,1.6,34.2,45.2,41,23.8,12.6,-0.1,3.3,21.1,9.6,19.3
2020-09-29 16:50:00,-0.28,0,0,0,0,0,0,0,0,0,0,0,0,0,0,0,0,0,0,0,0,0,0,0,0,7.9,1.7,32.3,33.7,31.9,21.2,12.9,160.8,0.2,13.9,1.6,34.2,45.2,41,23.8,12.6,-0.1,3.3,21.1,9.6,19.3
2020-09-29 17:00:00,-0.28,0,0,0,0,0,0,0,0,0,0,0,0,0,0,0,0,0,0,0,0,0,0,0,0,7.9,1.7,32.3,33.7,31.9,21.2,12.9,160.8,0.2,13.9,1.6,34.2,45.2,41,23.8,12.6,-0.1,3.3,21.1,9.6,19.3
2020-09-29 17:10:00,-0.28,0,0,0,0,0,0,0,0,0,0,0,0,0,0,0,0,0,0,0,0,0,0,0,0,7.9,1.7,32.3,33.7,31.9,21.2,12.6,160.8,0.2,13.9,4.1,34.2,45.2,41,23.8,12.6,-0.1,3.3,21.1,9.6,19.3
2020-09-29 17:20:00,-0.28,0,0,0,0,0,0,0,0,0,0,0,0,0,0,0,0,0,0,0,0,0,0,0,0,7.9,1.7,32.3,33.7,31.9,21.2,12.6,160.8,0.2,13.9,4.1,34.2,45.2,41,23.8,12.6,-0.1,3.3,21.1,9.6,19.3
2020-09-29 17:30:00,-0.28,0,0,0,0,0,0,0,0,0,0,0,0,0,0,0,0,0,0,0,0,0,0,0,0,7.9,1.7,32.3,33.7,31.9,21.2,12.6,160.8,0.2,13.8,4.1,34.2,45.2,41,23.9,12.6,-0.1,3.3,21.1,9.6,19.3
2020-09-29 17:40:00,-0.28,0,0,0,0,0,0,0,0,0,0,0,0,0,0,0,0,0,0,0,0,0,0,0,0,7.9,1.7,32.3,33.7,31.9,21.2,12.4,160.8,0.2,13.8,4.1,34.2,45.2,41,23.9,12.6,-0.1,3.3,21.1,9.6,19.3
2020-09-29 17:50:00,-0.28,0,0,0,0,0,0,0,0,0,0,0,0,0,0,0,0,0,0,0,0,0,0,0,0,7.9,1.7,32.3,33.7,31.9,21.2,12.4,160.8,0.2,13.8,4.1,34.2,45.2,41,23.9,12.6,-0.1,3.3,21.1,9.6,19.3
2020-09-29 18:00:00,-0.28,0,0,0,0,0,0,0,0,0,0,0,0,0,0,0,0,0,0,0,0,0,0,0,0,7.9,1.7,32.3,33.7,31.9,21.2,12.4,160.8,0.2,13.8,4.1,34.2,45.2,41,23.9,12.6,-0.1,3.3,21.1,9.6,19.3
2020-09-29 18:10:00,-0.28,0,0,0,0,0,0,0,0,0,0,0,0,0,0,0,0,0,0,0,0,0,0,0,0,7.9,1.6,32.3,33.7,31.9,21.2,12.7,160.8,0,13.7,4.2,34.2,45.2,41,23.9,12.6,0.1,3.3,21.2,9.6,19.3
2020-09-29 18:20:00,-0.28,0,0,0,0,0,0,0,0,0,0,0,0,0,0,0,0,0,0,0,0,0,0,0,0,7.9,1.6,32.3,33.7,31.9,21.2,12.7,160.8,0,13.7,4.2,34.2,45.2,41,23.9,12.6,0.1,3.3,21.2,9.6,19.3
2020-09-29 18:30:00,-0.28,0,0,0,0,0,0,0,0,0,0,0,0,0,0,0,0,0,0,0,0,0,0,0,0,7.9,1.6,32.3,33.7,31.9,21.2,12.7,160.8,0,13.7,4.2,34.2,45.2,41,23.9,12.6,0.1,3.3,21.2,9.6,19.3
2020-09-29 18:40:00,-0.28,0,0,0,0,0,0,0,0,0,0,0,0,0,0,0,0,0,0,0,0,0,0,0,0,7.9,1.6,32.3,33.7,31.9,21.2,12.7,160.8,0,13.7,4.2,34.2,45.2,41,23.9,12.6,0.1,3.3,21.2,9.6,19.3
2020-09-29 18:50:00,-0.28,0,0,0,0,0,0,0,0,0,0,0,0,0,0,0,0,0,0,0,0,0,0,0,0,7.9,1.6,32.3,33.7,31.9,21.2,12.7,160.8,0,13.7,4.2,34.2,45.2,41,23.9,12.6,0.1,3.3,21.2,9.6,19.3
2020-09-29 19:00:00,-0.28,0,0,0,0,0,0,0,0,0,0,0,0,0,0,0,0,0,0,0,0,0,0,0,0,7.9,1.6,32.3,33.7,31.7,21.2,12.7,160.8,0,13.7,4.2,34.2,45.2,41,23.9,12.6,0.1,3.3,21.1,9.6,19.3
2020-09-29 19:10:00,-0.28,0,0,0,0,0,0,0,0,0,0,0,0,0,0,0,0,0,0,0,0,0,0,0,0,7.9,1.6,32.4,33.7,31.7,21.2,12.7,160.8,0,13.7,0.6,34.2,45.2,41,23.9,12.6,0.1,3.3,21.1,9.6,19.3
2020-09-29 19:20:00,-0.28,0,0,0,0,0,0,0,0,0,0,0,0,0,0,0,0,0,0,0,0,0,0,0,0,7.9,1.6,32.4,33.7,31.7,21.2,12.7,160.8,0,13.7,0.6,34.2,45.2,41,23.9,12.6,0.1,3.3,21.1,9.6,19.3
2020-09-29 19:30:00,-0.28,0,0,0,0,0,0,0,0,0,0,0,0,0,0,0,0,0,0,0,0,0,0,0,0,7.9,1.6,32.4,33.7,31.7,21.2,12.7,160.8,0,13.8,0.6,34.2,45.2,41,23.9,12.6,0.1,3.3,21.1,9.6,19.3
2020-09-29 19:40:00,-0.28,0,0,0,0,0,0,0,0,0,0,0,0,0,0,0,0,0,0,0,0,0,0,0,0,7.9,1.6,32.4,33.7,31.7,21.2,12.7,160.8,0,13.8,1,34.2,45.2,41,23.9,12.6,0.1,3.3,21.1,9.6,19.3
2020-09-29 19:50:00,-0.28,0,0,0,0,0,0,0,0,0,0,0,0,0,0,0,0,0,0,0,0,0,0,0,0,7.9,1.7,32.4,33.7,31.7,21.2,12.7,160.8,0.1,13.8,1,34.2,45.2,41,23.9,12.6,0.1,3.3,21.1,9.6,19.3
2020-09-29 20:00:00,-0.28,0,0,0,0,0,0,0,0,0,0,0,0,0,0,0,0,0,0,0,0,0,0,0,0,7.9,1.7,32.4,33.7,31.7,21.2,12.7,160.8,0.1,13.6,1,34.3,45.2,41,23.9,12.6,0.1,3.3,21.1,9.6,19.3
2020-09-29 20:10:00,-0.28,0,0,0,0,0,0,0,0,0,0,0,0,0,0,0,0,0,0,0,0,0,0,0,0,7.9,1.7,32.4,33.7,31.7,21.2,12.6,160.8,0.1,13.6,1,34.3,45.2,41,23.9,12.6,0.1,3.3,21.1,9.6,19.3
2020-09-29 20:20:00,-0.28,0,0,0,0,0,0,0,0,0,0,0,0,0,0,0,0,0,0,0,0,0,0,0,0,7.9,1.7,32.4,33.7,31.7,21.2,12.6,160.8,0.1,13.6,1,34.3,45.2,41,23.9,12.6,0.1,3.3,21.1,9.6,19.3
2020-09-29 20:30:00,-0.28,0,0,0,0,0,0,0,0,0,0,0,0,0,0,0,0,0,0,0,0,0,0,0,0,7.9,1.7,32.4,33.7,31.7,21.2,12.4,160.8,-0.1,13.6,0.8,34.3,45.2,41,23.9,12.6,0,3,21.4,9.6,19.3
2020-09-29 20:40:00,-0.28,0,0,0,0,0,0,0,0,0,0,0,0,0,0,0,0,0,0,0,0,0,0,0,0,7.9,1.7,32.4,33.7,31.7,21.2,12.4,160.8,-0.1,13.6,0.8,34.3,45.2,41,23.9,12.6,0,3,21.4,9.6,19.3
2020-09-29 20:50:00,-0.28,0,0,0,0,0,0,0,0,0,0,0,0,0,0,0,0,0,0,0,0,0,0,0,0,7.9,1.7,32.4,33.7,31.7,21.2,12.4,160.8,-0.1,13.6,0.8,34.3,45.2,41,23.9,12.6,0,3,21.4,9.6,19.3
2020-09-29 21:00:00,-0.28,0,0,0,0,0,0,0,0,0,0,0,0,0,0,0,0,0,0,0,0,0,0,0,0,7.9,1.7,32.4,33.7,31.7,21.2,12.4,160.8,-0.1,13.6,0.8,34.3,45.2,41,23.9,12.6,0,3,21.4,9.6,19.3
2020-09-29 21:10:00,-0.28,0,0,0,0,0,0,0,0,0,0,0,0,0,0,0,0,0,0,0,0,0,0,0,0,7.9,1.7,32.4,33.7,31.7,21.2,12.4,160.8,-0.1,13.6,0.8,34.3,45.2,41,23.9,12.6,0,3,21.4,9.6,19.3
2020-09-29 21:20:00,-0.28,0,0,0,0,0,0,0,0,0,0,0,0,0,0,0,0,0,0,0,0,0,0,0,0,7.9,1.7,32.4,33.7,31.7,21.2,12.4,160.8,-0.1,13.6,0.8,34.3,45.2,41,23.9,12.6,0,3,21.4,9.6,19.3
2020-09-29 21:30:00,-0.28,0,0,0,0,0,0,0,0,0,0,0,0,0,0,0,0,0,0,0,0,0,0,0,0,7.9,1.7,32.4,33.7,31.4,21.2,12.4,160.8,-0.1,13.6,0.8,34.1,45.2,41,23.9,12.6,0,3,21,9.6,19.3
2020-09-29 21:40:00,-0.28,0,0,0,0,0,0,0,0,0,0,0,0,0,0,0,0,0,0,0,0,0,0,0,0,7.9,1.7,32.4,33.7,31.4,21.2,12.5,160.8,-0.1,13.6,0.9,34.1,45.2,41,23.9,12.6,0,3,21,9.6,19.3
2020-09-29 21:50:00,-0.28,0,0,0,0,0,0,0,0,0,0,0,0,0,0,0,0,0,0,0,0,0,0,0,0,7.9,1.7,32.4,33.7,31.4,21.2,12.5,160.8,0.1,13.6,0.9,34.1,45.2,41,23.9,12.6,0,3,21,9.6,19.3
2020-09-29 22:00:00,-0.28,0,0,0,0,0,0,0,0,0,0,0,0,0,0,0,0,0,0,0,0,0,0,0,0,7.9,1.7,32.4,33.7,31.4,21.2,12.5,160.8,0.1,13.7,0.9,34.3,45.2,41,23.9,12.6,0,3,21,9.6,19.3
2020-09-29 22:10:00,-0.28,0,0,0,0,0,0,0,0,0,0,0,0,0,0,0,0,0,0,0,0,0,0,0,0,7.9,1.7,32.4,33.7,31.4,21.2,12.4,160.8,0.1,13.7,0.9,34.3,45.2,41,23.9,12.6,0,3,21,9.6,19.3
2020-09-29 22:20:00,-0.28,0,0,0,0,0,0,0,0,0,0,0,0,0,0,0,0,0,0,0,0,0,0,0,0,7.9,1.7,32.4,33.7,31.4,21.2,12.4,160.8,0,13.7,0.9,34.3,45.2,41,23.9,12.6,0,3,21,9.6,19.3
2020-09-29 22:30:00,-0.28,0,0,0,0,0,0,0,0,0,0,0,0,0,0,0,0,0,0,0,0,0,0,0,0,7.9,1.7,32.4,33.7,31.4,21.2,12.4,160.8,0,13.6,0.9,34.3,45.2,41,23.9,12.6,0,3,21,9.6,19.3
2020-09-29 22:40:00,-0.28,0,0,0,0,0,0,0,0,0,0,0,0,0,0,0,0,0,0,0,0,0,0,0,0,7.9,1.7,32.4,33.7,31.4,21.2,12.4,160.8,0,13.6,0.9,34.3,45.2,41,23.9,12.6,0,3,21,9.6,19.3
2020-09-29 22:50:00,-0.28,0,0,0,0,0,0,0,0,0,0,0,0,0,0,0,0,0,0,0,0,0,0,0,0,7.9,1.7,32.4,33.7,31.4,21.2,12.4,160.8,0,13.6,0.9,34.3,45.2,41,23.9,12.6,0,3,21,9.6,19.3
2020-09-29 23:00:00,-0.28,0,0,0,0,0,0,0,0,0,0,0,0,0,0,0,0,0,0,0,0,0,0,0,0,7.9,1.7,32.4,33.7,31.4,21.2,12.4,160.8,0,13.6,0.9,34.3,45.2,41,23.9,12.6,0,3,21,9.6,19.3
2020-09-29 23:10:00,-0.27,0,0,0,0,0,0,0,0,0,0,0,0,0,0,0,0,0,0,0,0,0,0,0,0,7.9,1.7,32.4,33.7,31.4,21.2,12.4,160.8,0,13.6,0.9,34.3,45.2,41,23.9,12.6,0,3,21,9.6,19.3
2020-09-29 23:20:00,-0.27,0,0,0,0,0,0,0,0,0,0,0,0,0,0,0,0,0,0,0,0,0,0,0,0,7.9,1.7,32,33.7,31.8,21.2,12.4,160.8,-0.1,13.6,4.2,34.1,45.2,41,23.9,12.6,0,3,21.1,9.6,19.3
2020-09-29 23:30:00,-0.27,0,0,0,0,0,0,0,0,0,0,0,0,0,0,0,0,0,0,0,0,0,0,0,0,7.9,1.7,32,33.7,31.8,21.2,12.4,160.8,-0.1,13.6,4.2,34.1,45.2,41,23.9,12.6,0,3,21.1,9.6,19.3
2020-09-29 23:40:00,-0.27,0,0,0,0,0,0,0,0,0,0,0,0,0,0,0,0,0,0,0,0,0,0,0,0,7.9,1.7,32,33.7,31.8,21.2,12.4,160.8,-0.1,13.6,4.2,34.1,45.2,41,23.9,12.6,0,3,21.1,9.6,19.3
2020-09-29 23:50:00,-0.27,0,0,0,0,0,0,0,0,0,0,0,0,0,0,0,0,0,0,0,0,0,0,0,0,7.9,1.7,32.3,33.7,31.8,21.2,12.5,160.8,0.1,13.4,4.2,34.3,45.2,41,23.9,12.6,0.1,3,21.2,9.6,19.3
2020-09-30 00:00:00,-0.27,0,0,0,0,0,0,0,0,0,0,0,0,0,0,0,0,0,0,0,0,0,0,0,0,7.9,1.7,32.3,33.7,31.8,21.2,12.5,160.8,0.1,13.5,4.2,34.1,45.2,41,23.9,12.6,0.1,3,21,9.6,19.3
2020-09-30 00:10:00,-0.27,0,0,0,0,0,0,0,0,0,0,0,0,0,0,0,0,0,0,0,0,0,0,0,0,7.9,1.7,32.4,33.7,31.8,21.2,12.5,160.8,0.1,13.5,3,34.1,45.2,41,23.9,12.6,0.1,3,21,9.6,19.3
2020-09-30 00:20:00,-0.27,0,0,0,0,0,0,0,0,0,0,0,0,0,0,0,0,0,0,0,0,0,0,0,0,7.9,1.7,32.5,33.7,31.8,21.2,12.4,160.8,-0.1,13.6,1.2,34.3,45.2,41,23.9,12.6,0,3.1,21.2,9.6,19.3
2020-09-30 00:30:00,-0.27,0,0,0,0,0,0,0,0,0,0,0,0,0,0,0,0,0,0,0,0,0,0,0,0,7.9,1.7,32.5,33.7,31.8,21.2,12.4,160.8,-0.1,13.4,1.2,34.3,45.2,41.1,23.8,12.6,0,3.1,21.2,8.9,19.3
2020-09-30 00:40:00,-0.27,0,0,0,0,0,0,0,0,0,0,0,0,0,0,0,0,0,0,0,0,0,0,0,0,7.9,1.7,32.5,33.7,31.8,21.2,12.4,160.8,-0.1,13.5,1,34.3,45.2,41.1,23.8,12.6,0,3.1,21.2,8.9,19.3
2020-09-30 00:50:00,-0.27,0,0,0,0,0,0,0,0,0,0,0,0,0,0,0,0,0,0,0,0,0,0,0,0,7.9,1.7,32.5,33.7,31.8,21.2,12.5,160.8,0,13.6,2,34.1,45.2,41.1,23.8,12.6,0.2,3.2,21,8.9,19.3
2020-09-30 01:00:00,-0.27,0,0,0,0,0,0,0,0,0,0,0,0,0,0,0,0,0,0,0,0,0,0,0,0,7.9,1.7,32.5,33.7,31.8,21.2,12.5,160.8,0,13.4,2,34.1,45.2,41.1,23.8,12.6,0,3.2,21,8.9,19.3
2020-09-30 01:10:00,-0.27,0,0,0,0,0,0,0,0,0,0,0,0,0,0,0,0,0,0,0,0,0,0,0,0,7.9,1.7,32.4,33.7,31.8,21.2,12.5,160.8,0,13.4,4,34.1,45.2,41.1,23.8,12.6,0,3.2,21,8.9,19.3
2020-09-30 01:20:00,-0.27,0,0,0,0,0,0,0,0,0,0,0,0,0,0,0,0,0,0,0,0,0,0,0,0,7.9,1.7,32.4,33.7,31.8,21.2,12.5,160.8,0,13.4,4,34.1,45.2,41.1,23.8,12.6,0,3.2,21,8.9,19.3
2020-09-30 01:30:00,-0.27,0,0,0,0,0,0,0,0,0,0,0,0,0,0,0,0,0,0,0,0,0,0,0,0,7.9,1.7,32.4,33.7,31.8,21.2,12.5,160.8,0,13.5,4,34.1,45.2,41.1,23.8,12.6,0,3.2,21.3,8.9,19.3
2020-09-30 01:40:00,-0.27,0,0,0,0,0,0,0,0,0,0,0,0,0,0,0,0,0,0,0,0,0,0,0,0,7.9,1.7,32.4,33.7,31.7,21.2,12.5,160.8,0,13.4,4.3,34.1,45.2,41.1,23.9,12.6,0,3.2,21,8.9,19.3
2020-09-30 01:50:00,-0.27,0,0,0,0,0,0,0,0,0,0,0,0,0,0,0,0,0,0,0,0,0,0,0,0,7.9,1.7,32.4,33.7,31.7,21.2,12.5,160.8,-0.1,13.4,4.3,34.1,45.2,41.1,23.9,12.6,0,3.2,21,8.9,19.3
2020-09-30 02:00:00,-0.27,0,0,0,0,0,0,0,0,0,0,0,0,0,0,0,0,0,0,0,0,0,0,0,0,7.9,1.7,32.4,33.7,31.7,21.2,12.5,160.8,-0.1,13.5,4.3,34.3,45.2,41.1,23.9,12.6,0,3.2,20.9,8.9,19.3
2020-09-30 02:10:00,-0.27,0,0,0,0,0,0,0,0,0,0,0,0,0,0,0,0,0,0,0,0,0,0,0,0,7.9,1.7,32.3,33.7,31.7,21.2,12.9,160.8,-0.2,13.6,4.4,34.1,45,41.1,23.9,12.6,0,3,21,8.9,19.3
2020-09-30 02:20:00,-0.27,0,0,0,0,0,0,0,0,0,0,0,0,0,0,0,0,0,0,0,0,0,0,0,0,7.9,1.7,32.3,33.7,31.7,21.2,12.9,160.8,-0.2,13.6,4.4,34.1,45,41.1,23.9,12.6,0,3,21,8.9,19.3
2020-09-30 02:30:00,-0.27,0,0,0,0,0,0,0,0,0,0,0,0,0,0,0,0,0,0,0,0,0,0,0,0,7.9,1.7,32.3,33.7,31.7,21.2,12.9,160.8,-0.2,13.4,4.4,34.1,45,41.1,23.9,12.6,0,3,21.1,8.9,19.3
2020-09-30 02:40:00,-0.27,0,0,0,0,0,0,0,0,0,0,0,0,0,0,0,0,0,0,0,0,0,0,0,0,7.9,1.7,32.3,33.7,31.8,21.2,13.6,160.8,-0.1,13.6,4.3,34.1,45,41.1,23.9,12.6,0,3,21.2,8.9,19.3
2020-09-30 02:50:00,-0.27,0,0,0,0,0,0,0,0,0,0,0,0,0,0,0,0,0,0,0,0,0,0,0,0,7.9,1.7,32.3,33.7,31.8,21.2,13.6,160.8,0,13.6,4.3,34.1,45,41.1,23.9,12.6,0,3,21.2,8.9,19.3
2020-09-30 03:00:00,-0.27,0,0,0,0,0,0,0,0,0,0,0,0,0,0,0,0,0,0,0,0,0,0,0,0,7.9,1.7,32.3,33.7,31.8,21.2,13.6,160.8,0,13.5,4.3,34.1,45,41.1,23.9,12.6,0,3,21.1,8.9,19.3
2020-09-30 03:10:00,-0.27,0,0,0,0,0,0,0,0,0,0,0,0,0,0,0,0,0,0,0,0,0,0,0,0,7.9,1.7,32.3,33.7,31.8,21.2,13.6,160.8,-0.1,13.4,4.2,34.3,45,41.1,23.9,12.6,0,3.1,21.2,8.9,19.3
2020-09-30 03:20:00,-0.27,0,0,0,0,0,0,0,0,0,0,0,0,0,0,0,0,0,0,0,0,0,0,0,0,7.9,1.7,32.3,33.7,31.8,21.2,13.6,160.8,-0.1,13.4,4.2,34.3,45,41.1,23.9,12.6,0,3.1,21.2,8.9,19.3
2020-09-30 03:30:00,-0.27,0,0,0,0,0,0,0,0,0,0,0,0,0,0,0,0,0,0,0,0,0,0,0,0,7.9,1.7,32.3,33.7,31.8,21.2,13.6,160.8,-0.1,13.4,4.2,34.1,45,40.8,24,12.6,0,3.1,21.1,8.9,19.3
2020-09-30 03:40:00,-0.27,0,0,0,0,0,0,0,0,0,0,0,0,0,0,0,0,0,0,0,0,0,0,0,0,7.9,1.7,32.3,33.7,32,21.2,13.5,160.8,0,13.4,0.9,34.3,45,40.8,24,12.6,0,3.1,21.2,8.9,19.3
2020-09-30 03:50:00,-0.27,0,0,0,0,0,0,0,0,0,0,0,0,0,0,0,0,0,0,0,0,0,0,0,0,7.9,1.7,32.3,33.7,32,21.2,13.5,160.8,0,13.4,0.9,34.3,45,40.8,24,12.6,0,3.1,21.2,8.9,19.3
2020-09-30 04:00:00,-0.27,0,0,0,0,0,0,0,0,0,0,0,0,0,0,0,0,0,0,0,0,0,0,0,0,7.9,1.7,32.3,33.7,31.8,21.2,13.5,160.8,0,13.4,0.9,34.1,45,40.8,24,12.6,0,3.1,21.1,8.9,19.3
2020-09-30 04:10:00,-0.27,0,0,0,0,0,0,0,0,0,0,0,0,0,0,0,0,0,0,0,0,0,0,0,0,7.9,1.7,32.3,33.7,31.8,21.2,13.5,160.8,-0.2,13.4,3.8,34.2,45,40.8,24,12.6,0,3.1,21,8.9,19.3
2020-09-30 04:20:00,-0.27,0,0,0,0,0,0,0,0,0,0,0,0,0,0,0,0,0,0,0,0,0,0,0,0,7.9,1.7,32.3,33.7,31.8,21.2,13.5,160.8,-0.2,13.4,3.8,34.2,45,40.8,24,12.5,0,3.1,21,8.9,19.3
2020-09-30 04:30:00,-0.27,0,0,0,0,0,0,0,0,0,0,0,0,0,0,0,0,0,0,0,0,0,0,0,0,7.9,1.7,32.3,33.7,31.9,21.2,13.5,160.8,-0.2,13.4,3.8,34.1,45,40.8,24,12.5,0,3.1,20.9,8.9,19.3
2020-09-30 04:40:00,-0.27,0,0,0,0,0,0,0,0,0,0,0,0,0,0,0,0,0,0,0,0,0,0,0,0,7.9,1.7,32.4,33.7,31.9,21.2,13,160.9,0,13.4,4.3,34.2,45,40.8,24,12.5,0.2,2.9,21.4,8.9,19.3
2020-09-30 04:50:00,-0.27,0,0,0,0,0,0,0,0,0,0,0,0,0,0,0,0,0,0,0,0,0,0,0,0,7.9,1.7,32.4,33.7,31.9,21.2,13,160.9,-0.2,13.4,4.3,34.2,45,40.8,24,12.5,0.2,2.9,21.4,8.9,19.3
2020-09-30 05:00:00,-0.27,0,0,0,0,0,0,0,0,0,0,0,0,0,0,0,0,0,0,0,0,0,0,0,0,7.9,1.7,32.4,33.7,31.9,21.2,13,160.9,-0.2,13.6,4.3,34.3,45,40.8,24,12.5,0.2,2.9,21.4,8.9,19.3
2020-09-30 05:10:00,-0.27,0,0,0,0,0,0,0,0,0,0,0,0,0,0,0,0,0,0,0,0,0,0,0,0,7.9,1.7,32.2,33.7,31.9,21.2,12.7,160.9,-0.2,13.6,4.5,34.3,45,40.8,24,12.5,0.2,2.9,21.4,8.9,19.3
2020-09-30 05:20:00,-0.27,0,0,0,0,0,0,0,0,0,0,0,0,0,0,0,0,0,0,0,0,0,0,0,0,7.9,1.7,32.2,33.7,31.9,21.2,12.7,160.9,-0.2,13.6,4.5,34.3,45,40.8,24,12.5,0.2,2.9,21.4,8.9,19.3
2020-09-30 05:30:00,-0.27,0,0,0,0,0,0,0,0,0,0,0,0,0,0,0,0,0,0,0,0,0,0,0,0,7.9,1.7,32.2,33.7,31.9,21.2,12.7,160.9,-0.2,13.6,4.5,34.1,45,40.8,24,12.5,0.2,2.9,21.2,8.9,19.3
2020-09-30 05:40:00,-0.27,0,0,0,0,0,0,0,0,0,0,0,0,0,0,0,0,0,0,0,0,0,0,0,0,7.9,1.7,32.2,33.7,32,21.2,12.5,160.9,-0.2,13.4,4.4,34.1,45,40.8,24,12.5,0,2.9,21.2,8.9,19.3
2020-09-30 05:50:00,-0.27,0,0,0,0,0,0,0,0,0,0,0,0,0,0,0,0,0,0,0,0,0,0,0,0,7.9,1.7,32.2,33.8,32,21.3,12.4,160.9,-0.1,13.4,4.3,34.3,45,40.8,24,12.5,0,2.9,21.3,8.9,19.3
2020-09-30 06:00:00,-0.27,0,0,0,0,0,0,0,0,0,0,0,0,0,0,0,0,0,0,0,0,0,0,0,0,7.9,1.7,32.2,33.8,32,21.3,12.4,160.9,-0.1,13.6,4.3,34.1,45,40.8,24,12.5,0,2.9,21.3,8.9,19.3
2020-09-30 06:10:00,-0.27,0,0,0,0,0,0,0,0,0,0,0,0,0,0,0,0,0,0,0,0,0,0,0,0,7.9,1.7,32.6,33.8,32,21.3,12.6,160.9,-0.1,13.4,4.3,34.3,45,40.8,24,12.5,0.1,3.1,21.2,8.9,19.3
2020-09-30 06:20:00,-0.27,0,0,0,0,0,0,0,0,0,0,0,0,0,0,0,0,0,0,0,0,0,0,0,0,7.9,1.7,32.6,33.8,32,21.3,12.6,160.9,-0.1,13.4,4.3,34.3,45,40.8,24,12.5,0.1,3.1,21.2,8.9,19.3
2020-09-30 06:30:00,-0.28,0,0,0,0,0,0,0,0,0,0,0,0,0,0,0,0,0,0,0,0,0,0,0,0,7.9,1.7,32.6,33.8,32,21.3,12.6,160.9,-0.1,13.4,4.3,34.1,45,40.8,24,12.5,0.1,3.1,21.2,8.9,19.3
2020-09-30 06:40:00,-0.28,0,0,0,0,0,0,0,0,0,0,0,0,0,0,0,0,0,0,0,0,0,0,0,0,7.9,1.7,32.2,33.8,31.9,21.4,13.1,160.9,-0.1,13.6,0.9,34.3,45,40.8,24,12.5,0,3.1,21.1,8.9,19.3
2020-09-30 06:50:00,-0.28,0,0,0,0,0,0,0,0,0,0,0,0,0,0,0,0,0,0,0,0,0,0,0,0,7.9,1.7,32.2,33.8,31.9,21.4,13.1,160.9,-0.1,13.6,0.9,34.3,45,40.8,24,12.5,0,3.1,21.1,8.9,19.3
2020-09-30 07:00:00,-0.28,0,0,0,0,0,0,0,0,0,0,0,0,0,0,0,0,0,0,0,0,0,0,0,0,7.9,1.7,32.2,33.8,31.9,21.4,13.1,160.9,-0.1,13.4,0.9,34.1,45,40.8,24,12.5,0,3.1,21.1,8.9,19.3
2020-09-30 07:10:00,-0.28,0,0,0,0,0,0,0,0,0,0,0,0,0,0,0,0,0,0,0,0,0,0,0,0,7.9,1.7,32.2,33.8,31.9,21.4,13.1,160.9,-0.2,13.6,3.7,34.1,45,40.8,24,12.5,0,3,21.1,8.9,19.3
2020-09-30 07:20:00,-0.28,0,0,0,0,0,0,0,0,0,0,0,0,0,0,0,0,0,0,0,0,0,0,0,0,7.9,1.7,32.2,33.8,31.9,21.4,13.1,160.9,0,13.6,3.7,34.1,45,40.8,24,12.5,0,3,21.1,8.9,19.3
2020-09-30 07:30:00,-0.28,0,0,0,0,0,0,0,0,0,0,0,0,0,0,0,0,0,0,0,0,0,0,0,0,7.9,1.7,32.2,33.8,31.9,21.4,13.1,160.9,0,13.6,3.7,34.1,45,40.8,24,12.5,0,3,21.3,8.9,19.3
2020-09-30 07:40:00,-0.28,0,0,0,0,0,0,0,0,0,0,0,0,0,0,0,0,0,0,0,0,0,0,0,0,7.9,1.7,32.2,33.8,31.9,21.4,13.1,160.9,-0.1,13.6,4.3,34.2,45,40.8,24,12.5,0.1,3.1,21.1,8.9,19.3
2020-09-30 07:50:00,-0.28,0,0,0,0,0,0,0,0,0,0,0,0,0,0,0,0,0,0,0,0,0,0,0,0,7.9,1.7,32.2,33.8,31.9,21.4,13.1,160.9,-0.1,13.6,4.3,34.2,45,40.8,24,12.5,0.1,3.1,21.1,8.9,19.3
2020-09-30 08:00:00,-0.28,0,0,0,0,0,0,0,0,0,0,0,0,0,0,0,0,0,0,0,0,0,0,0,0,7.9,1.7,32.2,33.8,31.9,21.4,13.1,160.9,-0.1,13.5,4.3,34.1,45,40.8,24,12.5,0.1,3.1,21.2,8.9,19.3
2020-09-30 08:10:00,-0.28,0,0,0,0,0,0,0,0,0,0,0,0,0,0,0,0,0,0,0,0,0,0,0,0,7.9,1.7,32.5,33.8,31.9,21.4,13.1,160.9,-0.1,13.5,4.2,34.1,45,40.8,24,12.5,0.1,3.1,21.2,8.9,19.3
2020-09-30 08:20:00,-0.28,0,0,0,0,0,0,0,0,0,0,0,0,0,0,0,0,0,0,0,0,0,0,0,0,7.9,1.7,32.5,33.8,31.9,21.4,13.1,160.9,-0.1,13.5,4.2,34.1,45,40.8,24,12.5,0.1,3.1,21.2,8.9,19.3
2020-09-30 08:30:00,-0.28,0,0,0,0,0,0,0,0,0,0,0,0,0,0,0,0,0,0,0,0,0,0,0,0,7.9,1.7,32.5,33.8,31.9,21.4,13.1,160.9,-0.1,13.5,4.2,34.1,45,40.8,24,12.5,0.1,3.1,21.1,8.9,19.3
2020-09-30 08:40:00,-0.28,0,0,0,0,0,0,0,0,0,0,0,0,0,0,0,0,0,0,0,0,0,0,0,0,7.9,1.7,32.4,33.8,31.9,21.4,13.1,160.9,-0.1,13.5,4.4,34.1,45,40.8,24,12.5,0.1,3.1,21.1,8.9,19.3
2020-09-30 08:50:00,-0.28,0,0,0,0,0,0,0,0,0,0,0,0,0,0,0,0,0,0,0,0,0,0,0,0,7.9,1.7,32.4,33.8,31.9,21.4,12.9,160.9,-0.1,13.6,4.4,34.1,45,40.8,24,12.5,0,3.2,21.4,8.9,19.3
2020-09-30 09:00:00,-0.28,0,0,0,0,0,0,0,0,0,0,0,0,0,0,0,0,0,0,0,0,0,0,0,0,7.9,1.7,32.4,33.8,31.9,21.4,12.9,160.9,-0.1,13.6,4.4,34.1,45,40.8,24,12.5,0,3.2,21.1,8.9,19.3
2020-09-30 09:10:00,-0.28,0,0,0,0,0,0,0,0,0,0,0,0,0,0,0,0,0,0,0,0,0,0,0,0,7.9,1.7,32.4,33.8,31.9,21.4,12.8,160.9,-0.1,13.5,4.2,34.1,45,40.8,24,12.5,0,3.1,21.1,8.9,19.3
2020-09-30 09:20:00,-0.28,0,0,0,0,0,0,0,0,0,0,0,0,0,0,0,0,0,0,0,0,0,0,0,0,7.9,1.7,32.4,33.8,31.9,21.4,12.8,160.9,-0.1,13.5,4.2,34.1,45,40.8,24,12.5,0,3.1,21.1,8.9,19.3
2020-09-30 09:30:00,-0.28,0,0,0,0,0,0,0,0,0,0,0,0,0,0,0,0,0,0,0,0,0,0,0,0,7.9,1.7,32.4,33.8,31.9,21.4,12.8,160.9,-0.1,13.7,4.2,34.1,45,40.8,24,12.5,0,3.1,21.3,8.9,19.3
2020-09-30 09:40:00,-0.28,0,0,0,0,0,0,0,0,0,0,0,0,0,0,0,0,0,0,0,0,0,0,0,0,7.9,1.7,32.4,33.8,31.9,21.4,12.8,160.9,-0.1,13.7,3.4,34.1,45,40.8,24,12.5,0,3.1,21.3,8.9,19.3
2020-09-30 09:50:00,-0.28,0,0,0,0,0,0,0,0,0,0,0,0,0,0,0,0,0,0,0,0,0,0,0,0,7.9,1.7,32.4,33.8,31.9,21.4,12.8,160.9,-0.1,13.7,1.5,34.1,45,40.8,24,12.5,0,3.1,21.3,8.9,19.3
2020-09-30 10:00:00,-0.28,0,0,0,0,0,0,0,0,0,0,0,0,0,0,0,0,0,0,0,0,0,0,0,0,7.9,1.7,32.4,33.8,31.9,21.4,12.8,160.9,-0.1,13.7,1.5,34.3,45,40.8,23.7,12.5,0,3.1,20.3,8.9,19.3
2020-09-30 10:10:00,-0.28,0,0,0,0,0,0,0,0,0,0,0,0,0,0,0,0,0,0,0,0,0,0,0,0,7.9,1.7,32.3,33.8,31.9,21.4,12.8,160.9,-0.1,13.7,1.1,34.3,45.2,40.8,23.7,12.5,0,3.1,20.3,8.9,19.3
2020-09-30 10:20:00,-0.28,0,0,0,0,0,0,0,0,0,0,0,0,0,0,0,0,0,0,0,0,0,0,0,0,7.9,1.7,32.3,33.8,31.9,21.4,12.8,160.9,0.1,13.7,1.1,34.3,45.2,40.8,23.7,12.5,0,3.1,20.3,8.9,19.3
2020-09-30 10:30:00,-0.29,0,0,0,0,0,0,0,0,0,0,0,0,0,0,0,0,0,0,0,0,0,0,0,0,7.9,1.7,32.3,33.8,31.9,21.4,12.8,160.9,0.1,13.7,1.1,34.3,45.2,40.8,23.7,12.5,0,3.1,20.3,8.9,19.3
2020-09-30 10:40:00,-0.29,0,0,0,0,0,0,0,0,0,0,0,0,0,0,0,0,0,0,0,0,0,0,0,0,7.9,1.7,32.3,33.8,31.9,21.4,12.8,160.9,0.1,13.7,1.1,34.3,45.2,40.8,23.7,12.5,0,3.1,20.3,8.9,19.3
2020-09-30 10:50:00,-0.29,0,0,0,0,0,0,0,0,0,0,0,0,0,0,0,0,0,0,0,0,0,0,0,0,7.9,1.7,32.3,33.8,31.9,21.4,12.8,160.9,0.1,13.7,1.1,34.3,45.2,40.8,23.7,12.5,0,3.1,20.3,8.9,19.3
2020-09-30 11:00:00,-0.29,0,0,0,0,0,0,0,0,0,0,0,0,0,0,0,0,0,0,0,0,0,0,0,0,7.9,1.7,32.3,33.8,31.9,21.4,12.8,160.9,0.1,13.7,1.1,34.3,45.2,40.8,23.7,12.5,0,3.1,20.3,8.9,19.3
2020-09-30 11:10:00,-0.29,0,0,0,0,0,0,0,0,0,0,0,0,0,0,0,0,0,0,0,0,0,0,0,0,7.9,1.7,32.3,33.8,31.9,21.4,12.8,160.9,0.1,13.7,1.1,34.3,45.2,40.8,23.7,12.5,0,3.1,20.3,8.9,19.3
2020-09-30 11:20:00,-0.29,0,0,0,0,0,0,0,0,0,0,0,0,0,0,0,0,0,0,0,0,0,0,0,0,7.9,1.7,32.3,33.8,31.9,21.4,12.8,160.9,0.1,13.7,1.1,34.3,45.2,40.8,23.7,12.5,0,3.1,20.3,8.9,19.3
2020-09-30 11:30:00,-0.29,0,0,0,0,0,0,0,0,0,0,0,0,0,0,0,0,0,0,0,0,0,0,0,0,7.9,1.7,32.3,33.8,31.9,21.4,12.8,160.9,0.1,13.7,1.1,34.3,45.2,40.8,23.7,12.5,0,3.1,20.3,8.9,19.3
2020-09-30 11:40:00,-0.29,0,0,0,0,0,0,0,0,0,0,0,0,0,0,0,0,0,0,0,0,0,0,0,0,7.9,1.7,32.3,33.8,31.9,21.4,12.8,160.9,0.1,13.7,1.1,34.3,45.2,40.8,23.7,12.5,0,3.1,20.3,8.9,19.3
2020-09-30 11:50:00,-0.29,0,0,0,0,0,0,0,0,0,0,0,0,0,0,0,0,0,0,0,0,0,0,0,0,7.9,1.7,32.3,33.8,31.9,21.4,12.8,160.9,0.1,13.7,1.1,34.3,45.2,40.8,23.7,12.5,0,3.1,20.3,8.9,19.3
2020-09-30 12:00:00,-0.29,0,0,0,0,0,0,0,0,0,0,0,0,0,0,0,0,0,0,0,0,0,0,0,0,7.9,1.7,32.3,33.8,31.9,21.4,12.8,160.9,0.1,13.7,1.1,34.3,45.2,40.8,23.7,12.5,0,3.1,20.3,8.9,19.3
2020-09-30 12:10:00,-0.29,0,0,0,0,0,0,0,0,0,0,0,0,0,0,0,0,0,0,0,0,0,0,0,0,7.9,1.7,32.3,33.8,31.9,21.4,12.8,160.9,0.1,13.7,1.1,34.3,45.2,40.8,23.7,12.5,0,3.1,20.3,8.9,19.3
2020-09-30 12:20:00,-0.29,0,0,0,0,0,0,0,0,0,0,0,0,0,0,0,0,0,0,0,0,0,0,0,0,7.9,1.7,32.3,33.8,31.9,21.4,12.8,160.9,0.1,13.7,1.1,34.3,45.2,40.8,23.7,12.5,0,3.1,20.3,8.9,19.3
2020-09-30 12:30:00,-0.29,0,0,0,0,0,0,0,0,0,0,0,0,0,0,0,0,0,0,0,0,0,0,0,0,7.9,1.7,32.3,33.8,31.9,21.4,12.8,160.9,0.1,13.7,1.1,34.3,45.2,40.8,23.7,12.5,0,3.1,20.3,8.9,19.3
2020-09-30 12:40:00,-0.29,0,0,0,0,0,0,0,0,0,0,0,0,0,0,0,0,0,0,0,0,0,0,0,0,7.9,1.7,32.3,33.8,31.9,21.4,12.8,160.9,0.1,13.7,1.1,34.3,45.2,40.8,23.7,12.5,0,3.1,20.3,8.9,19.3
